{
    "camera": {
        "fieldOfView": 49.550281137663845,
        "from": [
            9.975959777832031,
            -1.9043903876081458e-06,
            4.255246162414551
        ],
        "to": [
            9.000518798828125,
            -2.934433268819703e-06,
            4.0349860191345215
        ],
        "up": [
            -0.22026027739048004,
            -1.6503624067354394e-07,
            0.9754412770271301
        ]
    },
    "output": {
        "resolution": [
            1024,
            1024
        ]
    },
    "surface": [
        "scene.obj"
    ],
    "directionalLights": [
        {
            "direction": [
                0.5255120396614075,
                -0.4352065324783325,
                0.7310488224029541
            ],
            "radiance": [
                0.06006006896495819,
                0.016022805124521255,
                3.0
            ]
        },
        {
            "direction": [
                0.525512158870697,
                0.6075047850608826,
                0.595629870891571
            ],
            "radiance": [
                3.0,
                0.02575971744954586,
                0.021382417529821396
            ]
        }
    ],
    "pointLights": [
        {
            "location": [
                0.0,
                0.0,
                4.090741157531738
            ],
            "radiance": [
                0.05532837900169834,
                31.830988618379067,
                0.3853307759050823
            ]
        }
    ]
}