{
    "camera": {
        "fieldOfView": 28.841546255021967,
        "from": [
            7.429636639244563e-08,
            -25.699703216552734,
            5.259599685668945
        ],
        "to": [
            3.0584974552994026e-08,
            -24.699703216552734,
            5.259599208831787
        ],
        "up": [
            -1.3721727069480535e-14,
            3.139165016818879e-07,
            1.0000001192092896
        ]
    },
    "output": {
        "resolution": [
            1024,
            1024
        ]
    },
    "surface": [
        "cornell_box.obj"
    ],
    "directionalLights": [
        {
            "direction": [
                0.3306830823421478,
                -0.7308055758476257,
                0.5971364378929138
            ],
            "radiance": [
                0.04814530909061432,
                1.0,
                0.02767595648765564
            ]
        },
        {
            "direction": [
                -0.24032071232795715,
                -0.7652934193611145,
                0.5971364378929138
            ],
            "radiance": [
                0.8583912253379822,
                0.06747106462717056,
                1.0
            ]
        }
    ],
    "pointLights": [
        {
            "location": [
                -0.0403384193778038,
                -6.290555000305176,
                6.412265777587891
            ],
            "radiance": [
                159.15494309189535,
                90.01350518133935,
                22.964696378796393
            ]
        }
    ]
}
