{
    "camera": {
        "fieldOfView": 28.841546255021967,
        "from": [
            7.429636639244563e-08,
            -25.699703216552734,
            5.259599685668945
        ],
        "to": [
            3.0584974552994026e-08,
            -24.699703216552734,
            5.259599208831787
        ],
        "up": [
            -1.3721727069480535e-14,
            3.139165016818879e-07,
            1.0000001192092896
        ]
    },
    "output": {
        "resolution": [
            1024,
            1024
        ]
    },
    "surface": [
        "cornell_box.obj"
    ],
    "directionalLights": [],
    "pointLights": [
        {
            "location": [
                -0.0403384193778038,
                -6.290555000305176,
                6.412265777587891
            ],
            "radiance": [
                159.15494309189535,
                159.15494309189535,
                159.15494309189535
            ]
        }
    ]
}
