{
    "camera": {
        "fieldOfView": 28.841546255021967,
        "from": [
            7.429636639244563e-08,
            -25.699703216552734,
            5.259599685668945
        ],
        "to": [
            3.0584974552994026e-08,
            -24.699703216552734,
            5.259599208831787
        ],
        "up": [
            -1.3721727069480535e-14,
            3.139165016818879e-07,
            1.0000001192092896
        ]
    },
    "output": {
        "resolution": [
            1024,
            1024
        ]
    },
    "surface": [
        "cornell_box.obj"
    ],
    "directionalLights": [
        {
            "direction": [
                0.09656170755624771,
                -0.994757354259491,
                0.03367043659090996
            ],
            "radiance": [
                1.0,
                1.0,
                1.0
            ]
        },
        {
            "direction": [
                -0.19747702777385712,
                -0.9802001118659973,
                -0.014512346126139164
            ],
            "radiance": [
                1.0,
                1.0,
                1.0
            ]
        }
    ],
    "pointLights": [
        {
            "location": [
                -0.0403384193778038,
                -3.4691035747528076,
                9.124896049499512
            ],
            "radiance": [
                0.0713781377544974,
                15.915494309189533,
                0.017216208024242605
            ]
        },
        {
            "location": [
                -4.455151081085205,
                1.129475474357605,
                8.593506813049316
            ],
            "radiance": [
                15.915494309189533,
                0.593396703643439,
                1.000757040460545
            ]
        },
        {
            "location": [
                3.7476396560668945,
                3.953164577484131,
                7.612178802490234
            ],
            "radiance": [
                5.365672150737141,
                4.159308657767371,
                68.5321146097514
            ]
        }
    ]
}
